NSTEP,SKIPBY,noneGraphTotalTimeWithout,GraphTotalTimeWithout,noneGraphTotalTimeWith,GraphTotalTimeWith,DiffTotalWithout,DiffPerStepWithout,DiffPercentWithout,DiffTotalWith,DiffPerStepWith,DiffPercentWithChronoNoneGraphTotalTimeWithout,ChronoGraphTotalTimeWithout,ChronoNoneGraphTotalLaunchTimeWithout,ChronoGraphTotalLaunchTimeWithout,ChronoNoneGraphTotalTimeWith,ChronoGraphTotalTimeWith,ChronoNoneGraphTotalLaunchTimeWith,ChronoGraphTotalLaunchTimeWith,ChronoDiffTotalTimeWithout,ChronoDiffPerStepWithout,ChronoDiffPercentWithout,ChronoDiffTotalTimeWith,ChronoDiffPerStepWith,ChronoDiffPercentWith,ChronoDiffLaunchTimeWithout,ChronoDiffLaunchPercentWithout,ChronoDiffLaunchTimeWith,ChronoDiffLaunchPercentWith
5,0,9.07491,7.64922,7.50774,7.49402,1.4257,0.356424,15.7103,0.0137277,0.00274553,0.182857.67566,0.858099,0.21667,0.012825,0.00320625,0.170345,1.41472,0.35368,15.5628,0.023295,26.794,0.641429,74.75,74.75,72.4314,62.3282,57.2086,47.8763
10,0,16.6001,15.1319,15.0329,14.9767,1.46816,0.163129,8.8443,0.0561924,0.00561924,0.37379616.6367,15.1795,0.939801,0.25909,0.0553112,0.00614569,0.366903,1.45721,0.161912,8.75899,0.062577,37.1062,0.680711,72.4314,72.4314,62.3282,57.2086,47.8763
50,0,76.6978,74.9564,75.1306,74.8012,1.74141,0.035539,2.27048,0.329437,0.00658874,0.4384880.415508,76.8982,75.1765,1.50917,0.568532,0.319748,0.00652547,0.424426,1.72164,0.0351355,2.23886,0.322506,43.6992,0.94064,62.3282,62.3282,57.2086,47.8763
100,0,151.789,149.696,150.222,149.541,2.09319,0.0211433,1.37901,0.681213,0.00681213,0.4534721.45586,0.79995,152.195,150.134,2.22702,0.952974,0.659607,0.0066627,0.437888,2.06151,0.0208233,1.35451,0.655913,45.0532,1.27405,57.2086,57.2086,47.8763
500,0,752.241,747.845,750.674,747.69,4.39563,0.00880888,0.584338,2.9837,0.00596741,0.397478749.893,7.0603,3.92902,754.279,750.053,7.83146,4.08204,2.82391,0.00565915,0.375163,4.22583,0.0084686,0.560248,3.13128,44.3505,3.74941,47.8763,47.8763
1000,0,1502.72,1495.82,1501.15,1495.67,6.89197,0.00689887,0.458634,5.47998,0.00547998,0.3650521505.29,1500.09,14.1127,7.74632,1506.85,1500.25,14.8839,7.89934,5.20239,0.0052076,0.345607,6.60425,0.00661086,0.438281,6.36639,45.111,6.98453,46.9268
