NSTEP,SKIPBY,noneGraphTotalTimeWithout,GraphTotalTimeWithout,noneGraphTotalTimeWith,GraphTotalTimeWith,DiffTotalWithout,DiffPerStepWithout,DiffPercentWithout,DiffTotalWith,DiffPerStepWith,DiffPercentWith
5,0,9.05245,7.63216,7.49536,7.4881,1.42029,0.355072,15.6895,0.00726366,0.00145273,0.0969088
10,0,16.5625,15.1234,15.0054,14.9794,1.43907,0.159897,8.68873,0.0260468,0.00260468,0.173582
50,0,76.6082,74.9587,75.0511,74.8147,1.64944,0.033662,2.15308,0.236412,0.00472824,0.315002
100,0,151.647,149.819,150.09,149.675,1.82819,0.0184665,1.20555,0.415161,0.00415161,0.276608
500,0,751.637,748.343,750.08,748.199,3.29443,0.00660207,0.438301,1.88141,0.00376282,0.250828
1000,0,1500.92,1495.51,1499.36,1495.37,5.40503,0.00541044,0.360115,3.98938,0.00398938,0.266071
