NSTEP,SKIPBY,noneGraphTotalTimeWithout,GraphTotalTimeWithout,noneGraphTotalTimeWith,GraphTotalTimeWith,DiffTotalWithout,DiffPerStepWithout,DiffPercentWithout,DiffTotalWith,DiffPerStepWith,DiffPercentWith
5,0,7.49754,7.50102,9.0489,7.61162,-0.00348806,-0.000872016,-0.0465228,1.43728,0.287456,15.8835
10,0,15.0083,14.9715,16.5115,15.0232,0.036768,0.00408533,0.244984,1.48822,0.148822,9.01328
50,0,75.1366,74.8997,76.6373,74.9487,0.236908,0.00483486,0.315303,1.68865,0.033773,2.20343
100,0,150.295,149.883,151.822,149.933,0.412201,0.00416365,0.27426,1.88925,0.0188925,1.24439
500,0,750.669,747.768,752.172,747.826,2.90088,0.00581338,0.386439,4.34607,0.00869214,0.577802
1000,0,1502.61,1495.34,1504.12,1495.39,7.27319,0.00728047,0.484037,8.72754,0.00872754,0.580243
5000,0,7527.98,7574.63,7529.5,7574.69,-46.647,-0.00933126,-0.619648,-45.1924,-0.00903848,-0.600204
10000,0,15196.8,15176.4,15198.3,15176.5,20.376,0.0020378,0.134081,21.8496,0.00218496,0.143763
